date,production_mgd,maintenance
2023-01-01,2.0670011819572442,0
2023-01-02,2.240050839377705,0
2023-01-03,1.1641241519129721,0
2023-01-04,2.0127660300490486,0
2023-01-05,2.4751634151615094,0
2023-01-06,2.3007265903587015,0
2023-01-07,1.3806481050666777,0
2023-01-08,2.2907499832562843,0
2023-01-09,2.0937688345052714,0
2023-01-10,1.727811472817093,0
2023-01-11,1.9352679673534587,0
2023-01-12,1.3439022029439638,0
2023-01-13,2.038908455484451,0
2023-01-14,1.3337363850085853,0
2023-01-15,1.3755040508527845,0
2023-01-16,1.7604599242600751,0
2023-01-17,1.5503284716551793,0
2023-01-18,2.5394991167671446,0
2023-01-19,2.1701325350418657,0
2023-01-20,1.611983412729964,0
2023-01-21,2.175248924040654,0
2023-01-22,1.3718955242044255,0
2023-01-23,2.11815256349502,0
2023-01-24,1.8140033566727167,0
2023-01-25,1.9869409329968954,0
2023-01-26,2.2610246933601195,0
2023-01-27,1.6606801376250178,0
2023-01-28,2.4840614544924398,0
2023-01-29,1.915942841011768,0
2023-01-30,3.0677073973546576,0
2023-01-31,2.885919226068766,0
2023-02-01,1.8491700022086996,0
2023-02-02,1.6890347351054131,0
2023-02-03,2.172214042904111,0
2023-02-04,2.963754761235207,0
2023-02-05,1.46071325455973,0
2023-02-06,2.5187473464055348,0
2023-02-07,3.1284441092940165,0
2023-02-08,1.581643812068396,0
2023-02-09,2.0579527030426625,0
2023-02-10,1.8343262288731317,0
2023-02-11,2.2232116566730458,0
2023-02-12,1.6371550312947798,0
2023-02-13,2.5871987971413297,0
2023-02-14,3.0623546026378086,0
2023-02-15,2.3906911032006604,0
2023-02-16,2.3543127570824756,0
2023-02-17,2.163038275494448,0
2023-02-18,1.7102918747266436,0
2023-02-19,2.5661740485020736,0
2023-02-20,2.114832485829063,0
2023-02-21,2.35612569225726,0
2023-02-22,1.9077695369685967,0
2023-02-23,3.1536958462828504,0
2023-02-24,2.036474065252775,0
2023-02-25,2.8018712164489576,0
2023-02-26,3.2782534265785244,0
2023-02-27,2.1776171569999847,0
2023-02-28,2.585382459361076,0
2023-03-01,2.7175096322677184,0
2023-03-02,1.8255658499835852,0
2023-03-03,2.2042271985837307,0
2023-03-04,2.8755456259999637,0
2023-03-05,1.6778796236546571,0
2023-03-06,3.3032489202929667,0
2023-03-07,2.6414563910632656,0
2023-03-08,2.189047693424663,0
2023-03-09,2.5058867670130005,0
2023-03-10,3.0924852396755735,0
2023-03-11,2.6617779811118654,0
2023-03-12,1.7699741846552177,0
2023-03-13,3.3085444004740587,0
2023-03-14,2.7677208837658727,0
2023-03-15,3.105954613088653,0
2023-03-16,3.369574867356146,0
2023-03-17,2.413097187324124,0
2023-03-18,1.9421572975573707,0
2023-03-19,3.033631259339025,0
2023-03-20,2.627723516322833,0
2023-03-21,3.0622966635551125,0
2023-03-22,2.877386909486853,0
2023-03-23,3.152250641206188,0
2023-03-24,2.9092251448133513,0
2023-03-25,3.6791245077763555,0
2023-03-26,2.1339156701772075,0
2023-03-27,2.8052223984411877,0
2023-03-28,2.562558125069547,0
2023-03-29,3.699028518740245,0
2023-03-30,3.2161047625333685,0
2023-03-31,3.960095795380792,0
2023-04-01,3.248285863088093,0
2023-04-02,3.770058727990858,0
2023-04-03,4.029325938905145,0
2023-04-04,3.321480998925251,0
2023-04-05,2.7797146896672214,0
2023-04-06,2.4600693625223675,0
2023-04-07,1.9670677031963195,0
2023-04-08,3.8197272854263034,0
2023-04-09,2.7965831853644083,0
2023-04-10,4.357859485269365,0
2023-04-11,4.3905592423056,0
2023-04-12,5.040120960023218,0
2023-04-13,5.845065680442647,0
2023-04-14,4.035690014548777,0
2023-04-15,2.316371879271103,0
2023-04-16,2.9941425651149567,0
2023-04-17,3.3252530075900126,0
2023-04-18,4.624332314397491,0
2023-04-19,4.987180100209468,0
2023-04-20,3.163985639209406,0
2023-04-21,2.4383674856468236,0
2023-04-22,2.747912139876192,0
2023-04-23,2.048011280538068,0
2023-04-24,2.7418215892386963,0
2023-04-25,3.722224728288023,0
2023-04-26,3.829078428416246,0
2023-04-27,3.4151037663906374,0
2023-04-28,4.8452834135354355,0
2023-04-29,2.681850487881255,0
2023-04-30,3.9235449123155406,0
2023-05-01,3.8863536326516552,0
2023-05-02,3.964862156904734,0
2023-05-03,3.7291222859920854,0
2023-05-04,5.72185341473133,0
2023-05-05,4.138022184826192,0
2023-05-06,4.710438013614787,0
2023-05-07,4.759302743868327,0
2023-05-08,3.6236460283381926,0
2023-05-09,4.487289832018281,0
2023-05-10,4.821859906001549,0
2023-05-11,2.500631290016669,0
2023-05-12,4.1011011612487085,0
2023-05-13,2.736141757508037,0
2023-05-14,3.5156129046499993,0
2023-05-15,3.269050851271155,0
2023-05-16,4.331160356378535,0
2023-05-17,4.84406451420155,0
2023-05-18,5.418265377641413,0
2023-05-19,4.239079734951457,0
2023-05-20,1.6444156013774929,0
2023-05-21,3.535787962503903,0
2023-05-22,5.035872651010687,0
2023-05-23,4.612966975970115,0
2023-05-24,4.5821484030748625,0
2023-05-25,3.0547049807235025,0
2023-05-26,4.072497614427524,0
2023-05-27,5.158463286147591,0
2023-05-28,4.666497029153926,0
2023-05-29,5.777700390462744,0
2023-05-30,6.375955367010146,0
2023-05-31,4.638062169641048,0
2023-06-01,6.419236172671528,0
2023-06-02,4.805363466389925,0
2023-06-03,4.099012929797638,0
2023-06-04,2.501631332376087,0
2023-06-05,0.0,1
2023-06-06,4.1683631289309995,0
2023-06-07,4.6815787992556555,0
2023-06-08,4.261461273964512,0
2023-06-09,5.32875055052737,0
2023-06-10,4.86951025334115,0
2023-06-11,4.03992508111664,0
2023-06-12,2.690285809511409,0
2023-06-13,3.4159368867925766,0
2023-06-14,4.432976864945724,0
2023-06-15,4.490717849720854,0
2023-06-16,4.880981079426803,0
2023-06-17,2.9139957745376064,0
2023-06-18,3.6402739451386408,0
2023-06-19,5.670912850159723,0
2023-06-20,6.499022836866496,0
2023-06-21,6.234600491592664,0
2023-06-22,5.539639762136599,0
2023-06-23,5.076461102428164,0
2023-06-24,5.003106641261655,0
2023-06-25,5.3190526723874685,0
2023-06-26,4.044014971352842,0
2023-06-27,5.1216175292594555,0
2023-06-28,5.2019466939180665,0
2023-06-29,4.512349403427287,0
2023-06-30,5.108877308476781,0
2023-07-01,3.8757680392990816,0
2023-07-02,5.033700496492719,0
2023-07-03,5.176384246270525,0
2023-07-04,6.975959237593557,0
2023-07-05,4.995387068780818,0
2023-07-06,1.9759452369008959,0
2023-07-07,3.4120432085434365,0
2023-07-08,3.3699070787429615,0
2023-07-09,3.205932856271611,0
2023-07-10,4.540708180449185,0
2023-07-11,5.784122182444275,0
2023-07-12,6.945162597045073,0
2023-07-13,5.554244376912568,0
2023-07-14,6.998326462023895,0
2023-07-15,3.803023379782916,0
2023-07-16,4.583124647362861,0
2023-07-17,4.497707831967194,0
2023-07-18,6.647729239916414,0
2023-07-19,5.403479273962215,0
2023-07-20,4.48911138029645,0
2023-07-21,2.542417653036761,0
2023-07-22,2.834093061118703,0
2023-07-23,5.1283464413078566,0
2023-07-24,6.3212447023851235,0
2023-07-25,0.0,1
2023-07-26,5.804323392809214,0
2023-07-27,5.208484846575552,0
2023-07-28,5.417613128704189,0
2023-07-29,5.034379943469796,0
2023-07-30,4.125288695964042,0
2023-07-31,5.5793595032595835,0
2023-08-01,4.869482157242798,0
2023-08-02,3.817031472335162,0
2023-08-03,3.051148976543081,0
2023-08-04,3.6354680414601974,0
2023-08-05,5.111567379765022,0
2023-08-06,5.551592326698316,0
2023-08-07,1.2312123616686028,0
2023-08-08,3.803362680495921,0
2023-08-09,3.4173309276660797,0
2023-08-10,4.614581765698355,0
2023-08-11,5.751987305294293,0
2023-08-12,4.261832548158998,0
2023-08-13,3.318516205851969,0
2023-08-14,2.2786059524513793,0
2023-08-15,3.242723190266247,0
2023-08-16,5.730018330408154,0
2023-08-17,6.5436070478119674,0
2023-08-18,6.162615069666163,0
2023-08-19,5.2624013667224165,0
2023-08-20,6.7322663546779085,0
2023-08-21,5.4540887044703785,0
2023-08-22,5.922584246203137,0
2023-08-23,5.388545312415404,0
2023-08-24,4.226347111648113,0
2023-08-25,4.492275662421861,0
2023-08-26,1.12522428201833,0
2023-08-27,1.8834349818836276,0
2023-08-28,4.1767271580309995,0
2023-08-29,3.029834153441141,0
2023-08-30,2.805636095373494,0
2023-08-31,5.765793031584779,0
2023-09-01,5.973966506650153,0
2023-09-02,5.938270497593128,0
2023-09-03,4.521877379382426,0
2023-09-04,4.718301555838299,0
2023-09-05,4.272185635732756,0
2023-09-06,3.815893159468264,0
2023-09-07,4.763296685714929,0
2023-09-08,5.5280772739710855,0
2023-09-09,5.392831644209033,0
2023-09-10,5.006083196915643,0
2023-09-11,1.8359848569067565,0
2023-09-12,2.699595318780528,0
2023-09-13,3.016155168633162,0
2023-09-14,4.08163568063366,0
2023-09-15,3.2246994261893343,0
2023-09-16,2.9477526787368555,0
2023-09-17,3.9193598863025487,0
2023-09-18,4.065354085368268,0
2023-09-19,4.089499630772476,0
2023-09-20,4.212687623543473,0
2023-09-21,4.080816409270745,0
2023-09-22,3.8097868090307405,0
2023-09-23,3.786996040437127,0
2023-09-24,3.2698783024524065,0
2023-09-25,3.366371533598555,0
2023-09-26,3.419297467700062,0
2023-09-27,3.465868190886195,0
2023-09-28,3.584906320437229,0
2023-09-29,5.447921807693844,0
2023-09-30,3.526843484484128,0
2023-10-01,4.725731997387022,0
2023-10-02,4.545415907673335,0
2023-10-03,2.91786621933595,0
2023-10-04,2.8310477173509456,0
2023-10-05,3.5219178040896133,0
2023-10-06,3.3165750370036426,0
2023-10-07,1.8494450007917498,0
2023-10-08,2.4540942126173966,0
2023-10-09,4.084442832997052,0
2023-10-10,4.245473408054634,0
2023-10-11,3.663174942254949,0
2023-10-12,3.681188464561931,0
2023-10-13,3.174977751110908,0
2023-10-14,2.331767171693789,0
2023-10-15,2.307896886960029,0
2023-10-16,2.5868465967682237,0
2023-10-17,3.4081509096245517,0
2023-10-18,4.185141626399911,0
2023-10-19,3.234326780685348,0
2023-10-20,4.1208107870614885,0
2023-10-21,4.245933500205998,0
2023-10-22,3.5351711021431718,0
2023-10-23,4.089490093850884,0
2023-10-24,3.879648012839648,0
2023-10-25,3.6147432595586717,0
2023-10-26,3.1679980067976223,0
2023-10-27,2.1534644393490674,0
2023-10-28,1.8202457267086614,0
2023-10-29,1.5103953612641277,0
2023-10-30,2.4293716764887927,0
2023-10-31,1.470629897198653,0
2023-11-01,2.162818468482441,0
2023-11-02,3.0824214327249972,0
2023-11-03,2.906608564730004,0
2023-11-04,3.2734035476423324,0
2023-11-05,3.576104380535797,0
2023-11-06,3.5066505199473363,0
2023-11-07,3.012960171381356,0
2023-11-08,3.5524362459914856,0
2023-11-09,3.1489818552360527,0
2023-11-10,2.6335803821580996,0
2023-11-11,2.280087140288905,0
2023-11-12,2.418688627642861,0
2023-11-13,2.9059658740760597,0
2023-11-14,3.2565324503340136,0
2023-11-15,2.4627019994224506,0
2023-11-16,2.856087921820979,0
2023-11-17,2.9712350095194364,0
2023-11-18,2.4057858655076996,0
2023-11-19,3.1530284695636803,0
2023-11-20,3.0743679949632368,0
2023-11-21,2.4143249905347877,0
2023-11-22,1.8896566880447632,0
2023-11-23,2.7053635421309474,0
2023-11-24,3.4188045870164236,0
2023-11-25,2.3991510221975787,0
2023-11-26,2.2923799482311438,0
2023-11-27,2.1032996239538453,0
2023-11-28,1.9214304076710884,0
2023-11-29,1.4453900877673478,0
2023-11-30,1.8959050662006174,0
2023-12-01,1.4581473353205365,0
2023-12-02,2.136440730622072,0
2023-12-03,1.9470464256470341,0
2023-12-04,1.2984880054815129,0
2023-12-05,2.7793450118308183,0
2023-12-06,2.8728923829392428,0
2023-12-07,2.927165300951697,0
2023-12-08,2.540733240927579,0
2023-12-09,2.797420909961596,0
2023-12-10,1.998638754384829,0
2023-12-11,1.679253840879375,0
2023-12-12,2.4792007955895006,0
2023-12-13,2.5495730979515643,0
2023-12-14,2.9311604175582273,0
2023-12-15,1.674306024872008,0
2023-12-16,2.3675921866833267,0
2023-12-17,2.2080670232520205,0
2023-12-18,2.971606459326772,0
2023-12-19,1.963004179286925,0
2023-12-20,2.3559686609178394,0
2023-12-21,2.134589357726437,0
2023-12-22,1.9523998644984084,0
2023-12-23,2.0380556784195676,0
2023-12-24,2.413720700433326,0
2023-12-25,2.196902795139288,0
2023-12-26,1.8284950551298096,0
2023-12-27,3.0353824484820073,0
2023-12-28,2.45979475478198,0
2023-12-29,1.4495588297491933,0
2023-12-30,2.332502366848189,0
2023-12-31,2.6959403171705576,0
2024-01-01,1.990074943922441,0
2024-01-02,1.9146690214069435,0
2024-01-03,0.9999171620933343,0
2024-01-04,2.0929585642060515,0
2024-01-05,2.111677206982357,0
2024-01-06,2.641346840047305,0
2024-01-07,1.302577798775387,0
2024-01-08,2.2473917511203854,0
2024-01-09,2.3931109576210394,0
2024-01-10,1.8761259799317822,0
2024-01-11,1.3992800466808193,0
2024-01-12,1.351897586144693,0
2024-01-13,2.1996795344803353,0
2024-01-14,1.9161259227889118,0
2024-01-15,3.276557983195905,0
2024-01-16,1.649912910508227,0
2024-01-17,1.3184566460211329,0
2024-01-18,2.3718057937780683,0
2024-01-19,1.8105384720554685,0
2024-01-20,2.32242098604672,0
2024-01-21,1.5230117491187907,0
2024-01-22,1.8079183665354293,0
2024-01-23,1.8131429340110163,0
2024-01-24,2.519346987016695,0
2024-01-25,1.8806888029741475,0
2024-01-26,1.2484909148463084,0
2024-01-27,2.6006937085253314,0
2024-01-28,1.4554009435684958,0
2024-01-29,2.2447312036029468,0
2024-01-30,2.4909969283024402,0
2024-01-31,2.5483245347851073,0
2024-02-01,0.0,1
2024-02-02,2.230085193105418,0
2024-02-03,2.2172824825947557,0
2024-02-04,1.8900970257351462,0
2024-02-05,2.6665961458722567,0
2024-02-06,1.6841944180176753,0
2024-02-07,2.8635451736220605,0
2024-02-08,3.3003869387441016,0
2024-02-09,1.8187627610163513,0
2024-02-10,2.1718445006367935,0
2024-02-11,2.392799112864066,0
2024-02-12,1.6045140408158078,0
2024-02-13,2.2986449687144455,0
2024-02-14,2.1618016503403013,0
2024-02-15,1.40638709005283,0
2024-02-16,1.7731919060726864,0
2024-02-17,2.5691276000283336,0
2024-02-18,1.2909044508909395,0
2024-02-19,1.921327049028306,0
2024-02-20,2.6092157708349135,0
2024-02-21,2.39055415897131,0
2024-02-22,3.0502572161057437,0
2024-02-23,2.2363843897457594,0
2024-02-24,3.0067706260063938,0
2024-02-25,2.7922351557613982,0
2024-02-26,2.3808860452266636,0
2024-02-27,3.0148544681736973,0
2024-02-28,2.466300176554628,0
2024-02-29,2.4393550016301337,0
2024-03-01,2.875189520812647,0
2024-03-02,2.6173706609680067,0
2024-03-03,2.1076408900186,0
2024-03-04,1.648714540784829,0
2024-03-05,2.0451569053400243,0
2024-03-06,2.8266607249179114,0
2024-03-07,2.881349085693791,0
2024-03-08,2.4640608938823867,0
2024-03-09,2.2409097626548515,0
2024-03-10,2.7546340902465936,0
2024-03-11,2.979717222728029,0
2024-03-12,2.6938308973789797,0
2024-03-13,3.280160148225264,0
2024-03-14,3.553519947537046,0
2024-03-15,1.6544532807609156,0
2024-03-16,2.7800529527520434,0
2024-03-17,2.2037344786208823,0
2024-03-18,2.0138126634081575,0
2024-03-19,2.208592686233875,0
2024-03-20,2.98251085908367,0
2024-03-21,2.910801157467674,0
2024-03-22,3.9836625793140175,0
2024-03-23,2.8780986634637085,0
2024-03-24,2.7914168708892877,0
2024-03-25,2.7834635591319534,0
2024-03-26,2.5946605627462485,0
2024-03-27,2.67191724929288,0
2024-03-28,2.7289894129315386,0
2024-03-29,3.5059225316405334,0
2024-03-30,2.573827744063065,0
2024-03-31,3.3197807159739527,0
2024-04-01,2.8139450387262386,0
2024-04-02,2.7165688283812437,0
2024-04-03,4.076650767458817,0
2024-04-04,3.6094187262847086,0
2024-04-05,3.628840897339792,0
2024-04-06,3.8597519553700703,0
2024-04-07,2.3039286569702098,0
2024-04-08,2.3130391156585444,0
2024-04-09,3.4940657536969093,0
2024-04-10,3.5712917265073267,0
2024-04-11,3.4769784947392077,0
2024-04-12,3.345325383998973,0
2024-04-13,3.6493893233278047,0
2024-04-14,4.39755538672774,0
2024-04-15,5.36208231010601,0
2024-04-16,3.9422576531531037,0
2024-04-17,3.2767252780247396,0
2024-04-18,3.605874887155392,0
2024-04-19,2.247458115588486,0
2024-04-20,2.9460320212096613,0
2024-04-21,2.1989968136988725,0
2024-04-22,3.211664556870237,0
2024-04-23,4.530496619881868,0
2024-04-24,3.2913350918171402,0
2024-04-25,4.875489229242813,0
2024-04-26,3.8447361428308096,0
2024-04-27,4.864672219247569,0
2024-04-28,2.245972881913366,0
2024-04-29,3.6087590074559945,0
2024-04-30,4.377855124342794,0
2024-05-01,4.392982913998488,0
2024-05-02,3.4718213654823646,0
2024-05-03,3.5850857197342303,0
2024-05-04,4.193966142078669,0
2024-05-05,4.4682426998570275,0
2024-05-06,4.993037040580476,0
2024-05-07,2.435004679720133,0
2024-05-08,2.6461480322599096,0
2024-05-09,2.613840303074425,0
2024-05-10,2.8667942438209426,0
2024-05-11,3.2528403067126783,0
2024-05-12,3.4443113908150824,0
2024-05-13,3.595516890455123,0
2024-05-14,3.864876928968694,0
2024-05-15,5.0112283293349185,0
2024-05-16,4.323906502109819,0
2024-05-17,4.540757570844636,0
2024-05-18,5.093231479966097,0
2024-05-19,4.937647197999775,0
2024-05-20,5.1175423862518725,0
2024-05-21,3.0591258353398247,0
2024-05-22,3.837547765615526,0
2024-05-23,4.941085624071836,0
2024-05-24,5.215010479553639,0
2024-05-25,4.046283169340366,0
2024-05-26,3.079088715754193,0
2024-05-27,3.4825986765724974,0
2024-05-28,4.47938114745683,0
2024-05-29,4.80993715396586,0
2024-05-30,5.031345721610902,0
2024-05-31,4.714878046280663,0
2024-06-01,3.366303279399434,0
2024-06-02,4.0225158188667205,0
2024-06-03,4.862761740894852,0
2024-06-04,5.278783503346495,0
2024-06-05,3.679748529304124,0
2024-06-06,5.882753511297153,0
2024-06-07,4.895183953028798,0
2024-06-08,5.838952425905647,0
2024-06-09,4.395394261215655,0
2024-06-10,4.300546236407164,0
2024-06-11,4.208335039091493,0
2024-06-12,4.301249124459021,0
2024-06-13,6.858928968890879,0
2024-06-14,7.360442296429367,0
2024-06-15,3.4854051937916024,0
2024-06-16,4.5991051963473115,0
2024-06-17,4.779825044770225,0
2024-06-18,4.735063375072164,0
2024-06-19,2.5834358714129735,0
2024-06-20,3.0794429119532714,0
2024-06-21,5.731175212050113,0
2024-06-22,3.0622863337679904,0
2024-06-23,5.574660827430762,0
2024-06-24,5.456716216969236,0
2024-06-25,6.122851789125914,0
2024-06-26,7.165235818233087,0
2024-06-27,5.3959266923304945,0
2024-06-28,5.15438606080252,0
2024-06-29,6.229627967167697,0
2024-06-30,4.214196498701325,0
2024-07-01,3.5756292425244482,0
2024-07-02,3.7732993019718535,0
2024-07-03,4.167918238758743,0
2024-07-04,5.063139017435666,0
2024-07-05,3.944894521008505,0
2024-07-06,3.8849649948590814,0
2024-07-07,4.699755964217907,0
2024-07-08,4.021000360586635,0
2024-07-09,3.7342653359788143,0
2024-07-10,4.860316928939518,0
2024-07-11,5.292502903702733,0
2024-07-12,7.1631570134451,0
2024-07-13,6.151263648782905,0
2024-07-14,6.693995414565571,0
2024-07-15,7.2630712609158605,0
2024-07-16,6.150286289172864,0
2024-07-17,3.4995965581466755,0
2024-07-18,3.5360435604933573,0
2024-07-19,4.048047227516213,0
2024-07-20,4.849681198401004,0
2024-07-21,4.50513068291433,0
2024-07-22,1.8887659492978943,0
2024-07-23,3.0944615807675078,0
2024-07-24,4.564030519752494,0
2024-07-25,4.228268057944725,0
2024-07-26,5.602096257809822,0
2024-07-27,3.7496955063791457,0
2024-07-28,5.8309759690461265,0
2024-07-29,5.1327227580474615,0
2024-07-30,5.336220654649157,0
2024-07-31,5.530344189694755,0
2024-08-01,5.417868290870618,0
2024-08-02,6.105828128365704,0
2024-08-03,7.152941200259267,0
2024-08-04,5.145121447035117,0
2024-08-05,6.373215063378369,0
2024-08-06,5.504502590949414,0
2024-08-07,4.993741669224595,0
2024-08-08,4.294407288705249,0
2024-08-09,1.7819286450092346,0
2024-08-10,1.040588319502844,0
2024-08-11,3.8624532719746574,0
2024-08-12,3.3092169648204672,0
2024-08-13,3.583819192378893,0
2024-08-14,4.644375372389623,0
2024-08-15,4.458978318389218,0
2024-08-16,4.776452427394243,0
2024-08-17,5.270318826020465,0
2024-08-18,6.263015646411831,0
2024-08-19,6.219720571318083,0
2024-08-20,4.396788521654727,0
2024-08-21,5.416902683931048,0
2024-08-22,5.420605161766412,0
2024-08-23,4.913682083646004,0
2024-08-24,3.866239710531989,0
2024-08-25,3.026332857347147,0
2024-08-26,4.169340190225699,0
2024-08-27,4.404286060754792,0
2024-08-28,4.123700262337995,0
2024-08-29,5.648033157191892,0
2024-08-30,4.216031109408615,0
2024-08-31,4.895931225586748,0
2024-09-01,3.9161643739686793,0
2024-09-02,4.183077661911404,0
2024-09-03,5.752968238205275,0
2024-09-04,4.687198516133785,0
2024-09-05,3.6637703480912642,0
2024-09-06,3.0483397315509957,0
2024-09-07,3.908334600526276,0
2024-09-08,4.620946747969506,0
2024-09-09,5.0633235139560595,0
2024-09-10,4.030383705412005,0
2024-09-11,4.223203255223441,0
2024-09-12,4.312537427124083,0
2024-09-13,4.877562684015644,0
2024-09-14,2.790420557065002,0
2024-09-15,4.4691227847322335,0
2024-09-16,4.441056730583902,0
2024-09-17,4.144088595980768,0
2024-09-18,4.340237242387752,0
2024-09-19,3.4154904661144156,0
2024-09-20,3.633115924755311,0
2024-09-21,4.267830471995914,0
2024-09-22,2.570499683089284,0
2024-09-23,1.6888967687152407,0
2024-09-24,4.09001133633392,0
2024-09-25,3.2753804113801124,0
2024-09-26,4.518900361647853,0
2024-09-27,6.090884901727291,0
2024-09-28,4.0263703029817,0
2024-09-29,4.596533534692953,0
2024-09-30,5.075213726347988,0
2024-10-01,4.117212124821861,0
2024-10-02,3.7961901588350133,0
2024-10-03,4.83287765028854,0
2024-10-04,2.234962506134278,0
2024-10-05,2.102434579081457,0
2024-10-06,3.28070764834658,0
2024-10-07,2.976238373500935,0
2024-10-08,3.8151960083510956,0
2024-10-09,3.6091173336407527,0
2024-10-10,3.802130603706047,0
2024-10-11,4.997925011588889,0
2024-10-12,2.97704841596367,0
2024-10-13,3.3391899415493747,0
2024-10-14,2.067945119286215,0
2024-10-15,3.846508213021421,0
2024-10-16,2.7857283987009005,0
2024-10-17,3.0866851673098226,0
2024-10-18,4.628089785733556,0
2024-10-19,2.6595890832332367,0
2024-10-20,2.6784249187329685,0
2024-10-21,3.4027310922707357,0
2024-10-22,2.5687507383826924,0
2024-10-23,3.661634311962145,0
2024-10-24,3.2540606977485695,0
2024-10-25,3.5681523504928916,0
2024-10-26,3.32634820751915,0
2024-10-27,3.1001356554611283,0
2024-10-28,4.0150367832854235,0
2024-10-29,4.231803820330183,0
2024-10-30,3.0431503232097796,0
2024-10-31,2.364520558007555,0
2024-11-01,2.8232526881579623,0
2024-11-02,3.2523055064279323,0
2024-11-03,2.060936730034934,0
2024-11-04,2.4675225917726267,0
2024-11-05,2.008328797979553,0
2024-11-06,3.3040280444005385,0
2024-11-07,1.1351284511799316,0
2024-11-08,2.6264947878620655,0
2024-11-09,3.7550920899256957,0
2024-11-10,2.0955366020917925,0
2024-11-11,2.280155141922029,0
2024-11-12,2.7567319638101,0
2024-11-13,2.783235932250428,0
2024-11-14,2.4442192751825105,0
2024-11-15,3.7417248850840092,0
2024-11-16,1.9161275292084365,0
2024-11-17,2.227916957864406,0
2024-11-18,1.7179031112386784,0
2024-11-19,3.0314909835407606,0
2024-11-20,3.497296490601025,0
2024-11-21,2.0420483641559786,0
2024-11-22,1.7694553938293438,0
2024-11-23,1.3194870069090316,0
2024-11-24,2.217544578691821,0
2024-11-25,2.4309005502580434,0
2024-11-26,2.2448844158341124,0
2024-11-27,2.2583091106098947,0
2024-11-28,2.5852291969293715,0
2024-11-29,2.715847897470775,0
2024-11-30,1.9751664787638834,0
2024-12-01,2.446835714403211,0
2024-12-02,2.5021940957564257,0
2024-12-03,2.8772320582900557,0
2024-12-04,1.7923585305644567,0
2024-12-05,2.539118252892126,0
2024-12-06,2.6018320220340305,0
2024-12-07,2.193840395886088,0
2024-12-08,2.549456047115133,0
2024-12-09,2.621690547111566,0
2024-12-10,2.4801884930760756,0
2024-12-11,2.094849069520734,0
2024-12-12,2.0649178077873866,0
2024-12-13,2.451403260270599,0
2024-12-14,1.6366554805863092,0
2024-12-15,2.3089389547283994,0
2024-12-16,2.328267191431685,0
2024-12-17,2.529303454274475,0
2024-12-18,2.433796910894314,0
2024-12-19,2.245346003193144,0
2024-12-20,2.037441102856583,0
2024-12-21,1.9639699678371678,0
2024-12-22,1.1273518558824078,0
2024-12-23,1.4660238231495817,0
2024-12-24,2.324423263355633,0
2024-12-25,2.1496895732403667,0
2024-12-26,2.1240455399500924,0
2024-12-27,1.8342551638824174,0
2024-12-28,2.151168802840175,0
2024-12-29,1.5437238232070007,0
2024-12-30,2.0350449023788015,0
2024-12-31,1.498424193976598,0
2025-01-01,2.020703932066179,0
2025-01-02,3.4148740299109415,0
2025-01-03,2.5439780142025605,0
2025-01-04,1.6747864359296023,0
2025-01-05,1.730445194924615,0
2025-01-06,2.176161969811017,0
2025-01-07,1.6599311964441388,0
2025-01-08,1.4944957158337686,0
2025-01-09,2.3756530865555976,0
2025-01-10,2.6813262250506376,0
2025-01-11,2.463392695789457,0
2025-01-12,2.01126968608665,0
2025-01-13,1.348642742701575,0
2025-01-14,0.7592758941835562,0
2025-01-15,1.694147376279099,0
2025-01-16,2.1116745405821686,0
2025-01-17,2.5672318730443098,0
2025-01-18,1.2516151668211903,0
2025-01-19,2.063284821548683,0
2025-01-20,2.587426716457355,0
2025-01-21,3.0896819436081966,0
2025-01-22,2.1606341405778506,0
2025-01-23,1.9508612300190564,0
2025-01-24,2.122482455478299,0
2025-01-25,1.3444715306220636,0
2025-01-26,1.9127298532812431,0
2025-01-27,2.099413793324677,0
2025-01-28,1.7347310170319998,0
2025-01-29,2.4016714160319275,0
2025-01-30,1.4890805420980606,0
2025-01-31,2.0893017859947562,0
2025-02-01,2.1816013842454542,0
2025-02-02,2.182654018937841,0
2025-02-03,2.1061625762872547,0
2025-02-04,2.710391063969933,0
2025-02-05,2.1563230690553876,0
2025-02-06,2.0178246346209177,0
2025-02-07,1.9312997404447836,0
2025-02-08,2.1182343259881766,0
2025-02-09,2.944512991261103,0
2025-02-10,2.530914048512782,0
2025-02-11,2.043007906114242,0
2025-02-12,2.9790344496639563,0
2025-02-13,2.1499579516448772,0
2025-02-14,2.034425277987697,0
2025-02-15,2.7325461127984045,0
2025-02-16,1.6781595465843444,0
2025-02-17,1.2102269594403836,0
2025-02-18,2.314270367941648,0
2025-02-19,2.657550073894152,0
2025-02-20,2.934877874392454,0
2025-02-21,2.47583421193396,0
2025-02-22,2.2906197192985127,0
2025-02-23,2.5105200690181344,0
2025-02-24,2.884217111586821,0
2025-02-25,1.0457053800307123,0
2025-02-26,3.134639716618775,0
2025-02-27,2.1723556420503938,0
2025-02-28,2.8607322024976343,0
2025-03-01,2.389202932539599,0
2025-03-02,3.212014436884369,0
2025-03-03,2.5340548949412627,0
2025-03-04,2.5434944620259285,0
2025-03-05,1.5719172332494695,0
2025-03-06,2.0199165396131096,0
2025-03-07,2.298931523729023,0
2025-03-08,1.6083749639612794,0
2025-03-09,2.555036056929478,0
2025-03-10,3.0212640590942965,0
2025-03-11,3.767169846383026,0
2025-03-12,2.6820054432521494,0
2025-03-13,2.759525372442381,0
2025-03-14,2.378679031299267,0
2025-03-15,2.4599361771136703,0
2025-03-16,2.946067137835366,0
2025-03-17,3.7999882905746345,0
2025-03-18,2.5709299232657763,0
2025-03-19,2.5778297049205063,0
2025-03-20,2.0001477732480493,0
2025-03-21,2.822921334556754,0
2025-03-22,2.9515797081731567,0
2025-03-23,3.4743608835185356,0
2025-03-24,2.5562366962489556,0
2025-03-25,3.1258694323622813,0
2025-03-26,3.28478466559132,0
2025-03-27,3.512113122489903,0
2025-03-28,4.491583021966593,0
2025-03-29,5.002197004389961,0
2025-03-30,2.906961140128673,0
2025-03-31,1.3248013561594365,0
2025-04-01,2.2391697926535747,0
2025-04-02,2.085391218983681,0
2025-04-03,2.0842562473945487,0
2025-04-04,2.5638142581274126,0
2025-04-05,1.4932922761126073,0
2025-04-06,2.013551440330515,0
2025-04-07,3.9299155263933185,0
2025-04-08,2.8499584963463587,0
2025-04-09,4.031502775136513,0
2025-04-10,3.492965253031334,0
2025-04-11,4.659713811818237,0
2025-04-12,4.9835874845796475,0
2025-04-13,4.717111478523954,0
2025-04-14,2.787760573597005,0
2025-04-15,2.0799637398049367,0
2025-04-16,3.4877371314814596,0
2025-04-17,4.184359136194382,0
2025-04-18,3.7511214009655496,0
2025-04-19,2.2733820286626845,0
2025-04-20,2.7599954150594947,0
2025-04-21,3.198481851089211,0
2025-04-22,3.9977667375461126,0
2025-04-23,4.742484542603166,0
2025-04-24,4.208875950348755,0
2025-04-25,3.7342598208832665,0
2025-04-26,1.7093898042187317,0
2025-04-27,4.693654704177141,0
2025-04-28,5.677791334064633,0
2025-04-29,3.718231999065722,0
2025-04-30,2.9661397587858263,0
2025-05-01,5.20638575247275,0
2025-05-02,2.781027676572023,0
2025-05-03,2.3413642964167547,0
2025-05-04,4.748368351332118,0
2025-05-05,4.275632348649972,0
2025-05-06,3.3000244921425006,0
2025-05-07,2.3030323727426434,0
2025-05-08,2.59144211280963,0
2025-05-09,3.991652090223904,0
2025-05-10,4.493348431373427,0
2025-05-11,4.71233618842068,0
2025-05-12,5.187827379427628,0
2025-05-13,5.102048100064331,0
2025-05-14,5.270730858181749,0
2025-05-15,5.173711290484195,0
2025-05-16,3.4099766264790237,0
2025-05-17,4.153673781149955,0
2025-05-18,4.209578628035397,0
2025-05-19,3.875485125127617,0
2025-05-20,3.4573063309559626,0
2025-05-21,4.608141300200848,0
2025-05-22,5.37936728351523,0
2025-05-23,3.81347203206819,0
2025-05-24,5.1503732869725525,0
2025-05-25,3.845222714174654,0
2025-05-26,3.5917721243062495,0
2025-05-27,4.215984909691049,0
2025-05-28,3.927659441182588,0
2025-05-29,4.304761444703275,0
2025-05-30,4.300072175095231,0
2025-05-31,5.707293676351656,0
2025-06-01,5.324207064148013,0
2025-06-02,6.276563267438238,0
2025-06-03,5.555392998845209,0
2025-06-04,2.6558671707194885,0
2025-06-05,3.5214029026052907,0
2025-06-06,3.366555000031364,0
2025-06-07,3.366144804998438,0
2025-06-08,4.399538175419737,0
2025-06-09,3.1286051500607672,0
2025-06-10,4.803032822932164,0
2025-06-11,5.748748236797526,0
2025-06-12,4.667239876873489,0
2025-06-13,5.725860204902014,0
2025-06-14,4.837120356971923,0
2025-06-15,6.220038317438158,0
2025-06-16,5.583409078806638,0
2025-06-17,4.39781693552329,0
2025-06-18,1.4372694331528357,0
2025-06-19,3.7103635106508763,0
2025-06-20,6.155623624428415,0
2025-06-21,7.587478071182198,0
2025-06-22,7.998636355803648,0
2025-06-23,5.569579407284058,0
2025-06-24,1.8422816209783186,0
2025-06-25,3.0125450516093855,0
2025-06-26,3.732930530446881,0
2025-06-27,4.050169030336271,0
2025-06-28,5.941177871866184,0
2025-06-29,5.678288341837691,0
2025-06-30,3.090042584701837,0
2025-07-01,3.1485249630019627,0
2025-07-02,5.18581539238476,0
2025-07-03,5.596398965756067,0
2025-07-04,5.021897960397398,0
2025-07-05,4.000164555435076,0
2025-07-06,5.762750339344875,0
2025-07-07,5.720576967953534,0
2025-07-08,4.997652101073651,0
2025-07-09,5.184211780677829,0
2025-07-10,6.850324195721897,0
2025-07-11,4.3804112215146915,0
2025-07-12,3.5113585443284645,0
2025-07-13,3.1073449990525916,0
2025-07-14,4.792813537327831,0
2025-07-15,5.571878088519626,0
2025-07-16,5.665669863435263,0
2025-07-17,3.025534969517249,0
2025-07-18,4.437286658499203,0
2025-07-19,4.600269371894479,0
2025-07-20,4.679896879058312,0
2025-07-21,4.8502593196510215,0
2025-07-22,5.2597068119959784,0
2025-07-23,5.050949916967404,0
2025-07-24,3.560628767426366,0
2025-07-25,3.3589185267289317,0
2025-07-26,6.210116026393865,0
2025-07-27,5.432855599950776,0
2025-07-28,6.583980263306671,0
2025-07-29,6.359597951374054,0
2025-07-30,1.7311659216697324,0
2025-07-31,2.0070976626308683,0
2025-08-01,3.2772124057306735,0
2025-08-02,3.7376805797783565,0
2025-08-03,5.127995315161909,0
2025-08-04,3.5839214523335587,0
2025-08-05,6.996119977814949,0
2025-08-06,6.186738774812679,0
2025-08-07,5.01702438118173,0
2025-08-08,6.658280560355863,0
2025-08-09,5.966223298650955,0
2025-08-10,3.854069299768553,0
2025-08-11,2.356846076445805,0
2025-08-12,3.275416388123769,0
2025-08-13,4.265647467939627,0
2025-08-14,6.185874177383874,0
2025-08-15,6.039719672937232,0
2025-08-16,3.9969814980455878,0
2025-08-17,4.128175924450345,0
2025-08-18,4.927416720479686,0
2025-08-19,5.822994476941814,0
2025-08-20,5.49879899486899,0
2025-08-21,6.718383994850975,0
2025-08-22,6.317726805563306,0
2025-08-23,3.2168262966590793,0
2025-08-24,4.124834176966631,0
2025-08-25,3.6004417271169302,0
2025-08-26,2.6849281182296805,0
2025-08-27,3.4440334141609266,0
2025-08-28,3.3967992212091382,0
2025-08-29,4.481756318916106,0
2025-08-30,3.8769259623826944,0
2025-08-31,4.121812856991689,0
2025-09-01,3.643409530595724,0
2025-09-02,3.992687030977426,0
2025-09-03,4.409727226631777,0
2025-09-04,4.341781558449108,0
2025-09-05,5.53753115881182,0
2025-09-06,1.7205797153772266,0
2025-09-07,4.808164377239976,0
2025-09-08,4.514900986095358,0
2025-09-09,5.389320544813245,0
2025-09-10,5.420477646118155,0
2025-09-11,4.252258436155766,0
2025-09-12,6.077576000713123,0
2025-09-13,3.3281380739021635,0
2025-09-14,3.146583845603374,0
2025-09-15,3.051222947856968,0
2025-09-16,5.1985577514584245,0
2025-09-17,3.223750513498092,0
2025-09-18,2.59653599059973,0
2025-09-19,3.845015648358369,0
2025-09-20,3.7985962993679085,0
2025-09-21,4.055389470264218,0
2025-09-22,3.8679366524761414,0
2025-09-23,3.656131473467163,0
2025-09-24,2.3301655188144568,0
2025-09-25,4.153957775614989,0
2025-09-26,3.7037188813073025,0
2025-09-27,4.3885460372754554,0
2025-09-28,4.220512367229244,0
2025-09-29,4.480331462262788,0
2025-09-30,4.851130510904831,0
2025-10-01,4.4596567670948835,0
2025-10-02,3.8939154348261993,0
2025-10-03,4.867967978202202,0
2025-10-04,4.4354432687725645,0
2025-10-05,4.0388591930561235,0
2025-10-06,3.134160433332811,0
2025-10-07,2.1835547537812907,0
2025-10-08,2.672688395061331,0
2025-10-09,4.071260472191803,0
2025-10-10,4.818020708342645,0
2025-10-11,2.342535829890659,0
2025-10-12,2.9209596459635936,0
2025-10-13,3.4954199932727743,0
2025-10-14,0.0,1
2025-10-15,3.9679901856816513,0
2025-10-16,2.61476193099892,0
2025-10-17,3.7568330146057702,0
2025-10-18,1.8721143976486436,0
2025-10-19,2.1353044725381247,0
2025-10-20,4.273898225362549,0
2025-10-21,2.8855820431603583,0
2025-10-22,3.3427550812446385,0
2025-10-23,3.399535132321327,0
2025-10-24,4.076446839103852,0
2025-10-25,3.771882993519722,0
2025-10-26,3.5544566997149594,0
2025-10-27,2.934390920964383,0
2025-10-28,2.2917166354434517,0
2025-10-29,2.809937935018019,0
2025-10-30,2.3286394525555196,0
2025-10-31,2.983772155122784,0
2025-11-01,2.8843299545810748,0
2025-11-02,2.4882073721996973,0
2025-11-03,3.8300018706924606,0
2025-11-04,3.398984393029441,0
2025-11-05,3.3983336742032,0
2025-11-06,3.1851855978283607,0
2025-11-07,3.3844179513859864,0
2025-11-08,2.7915541748572723,0
2025-11-09,2.373876422251988,0
2025-11-10,2.3240746199090956,0
2025-11-11,3.8490377894867014,0
2025-11-12,2.8675328274867895,0
2025-11-13,2.2477619674771914,0
2025-11-14,3.316119010158161,0
2025-11-15,3.231513051822568,0
2025-11-16,3.019047078457219,0
2025-11-17,2.3394871074162635,0
2025-11-18,3.0944507989096035,0
2025-11-19,2.4865914950066665,0
2025-11-20,3.0313908316769567,0
2025-11-21,2.093666112629435,0
2025-11-22,2.0413478028816714,0
2025-11-23,2.0048853825732524,0
2025-11-24,2.2986530980724953,0
2025-11-25,3.1651354644082077,0
2025-11-26,2.37345560976958,0
2025-11-27,2.7193262154416282,0
2025-11-28,1.8054045319420986,0
2025-11-29,2.8463336341389707,0
2025-11-30,2.0330097944577092,0
2025-12-01,2.3379767288721856,0
2025-12-02,1.5628744055647938,0
2025-12-03,2.223613773855613,0
2025-12-04,0.0,1
2025-12-05,3.0859541961359045,0
2025-12-06,2.924032938226895,0
2025-12-07,1.7566674769070298,0
2025-12-08,1.7265528437057933,0
2025-12-09,1.492149242260655,0
2025-12-10,2.8832334881492736,0
2025-12-11,2.6733116695738013,0
2025-12-12,1.9955843574805758,0
2025-12-13,1.5118468869209947,0
2025-12-14,2.1033612115703635,0
2025-12-15,2.922499088233984,0
2025-12-16,1.802082456549702,0
2025-12-17,1.9478949234557488,0
2025-12-18,2.1325410093141723,0
2025-12-19,1.9969739017915462,0
2025-12-20,2.5192614473640393,0
2025-12-21,2.023565083569806,0
2025-12-22,3.0541114086854164,0
2025-12-23,2.085466674500939,0
2025-12-24,2.828132924292042,0
2025-12-25,1.5736378690240689,0
2025-12-26,2.402270918345858,0
2025-12-27,1.5741275530468992,0
2025-12-28,2.734194842629601,0
2025-12-29,1.8944013359311649,0
2025-12-30,2.6392694710447215,0
2025-12-31,1.6321353400751153,0
2026-01-01,1.940147114857065,0
2026-01-02,2.6659800729942464,0
2026-01-03,1.2059694685158358,0
2026-01-04,1.7489098702788999,0
2026-01-05,2.5385162169930373,0
2026-01-06,2.6079681739046743,0
2026-01-07,1.038164629235298,0
2026-01-08,2.910209486514213,0
2026-01-09,2.258408493475646,0
2026-01-10,1.9266038844652207,0
2026-01-11,2.382856314456329,0
2026-01-12,2.341791771765397,0
2026-01-13,2.29172648524356,0
2026-01-14,2.139546088456053,0
2026-01-15,2.0818651302659945,0
2026-01-16,2.4841774853585057,0
2026-01-17,2.2576961169089995,0
2026-01-18,2.2421313425714984,0
2026-01-19,2.632834386201143,0
2026-01-20,0.9747928795106602,0
2026-01-21,1.1830884760730043,0
2026-01-22,2.2485532270742286,0
2026-01-23,2.1370223285207732,0
2026-01-24,1.7012793090791236,0
2026-01-25,1.8053802371796244,0
2026-01-26,2.7609786860148104,0
2026-01-27,2.669418415944701,0
2026-01-28,1.8732530737788202,0
2026-01-29,2.607373037992221,0
2026-01-30,1.0497245029071283,0
2026-01-31,1.552425070237366,0
2026-02-01,2.2677132396990256,0
2026-02-02,1.6871413612584072,0
2026-02-03,1.6000888808545137,0
2026-02-04,2.2474401886719537,0
2026-02-05,2.4455848984959334,0
2026-02-06,1.8891032999582795,0
2026-02-07,2.4105861114348546,0
2026-02-08,2.3351890122998706,0
2026-02-09,2.137052946169062,0
2026-02-10,2.938633518525046,0
2026-02-11,2.0244747655475757,0
2026-02-12,2.3018770334521466,0
2026-02-13,2.993655881046904,0
2026-02-14,1.3242280052814865,0
2026-02-15,2.3164980022053214,0
2026-02-16,1.9300833468867107,0
2026-02-17,1.7925297368304673,0
2026-02-18,2.6185377286248266,0
2026-02-19,2.2226924407898925,0
2026-02-20,2.3050796753245963,0
2026-02-21,1.5845982714121156,0
2026-02-22,1.1465497427088036,0
2026-02-23,2.2154976824907684,0
2026-02-24,2.2670076398766534,0
2026-02-25,2.856827343704262,0
2026-02-26,3.46812501298679,0
2026-02-27,2.2812444794195734,0
2026-02-28,2.5461650931516986,0
2026-03-01,3.172370765198315,0
2026-03-02,2.0190549343259563,0
2026-03-03,3.36203704872383,0
2026-03-04,2.153232656332817,0
2026-03-05,3.106051969762051,0
2026-03-06,2.3935926746092138,0
2026-03-07,1.860259962982462,0
2026-03-08,2.344928657553107,0
2026-03-09,3.0289436424004195,0
2026-03-10,2.2952836147359204,0
2026-03-11,2.275651195768691,0
2026-03-12,1.881528391458837,0
2026-03-13,2.2920699123311348,0
2026-03-14,2.353674832775992,0
2026-03-15,3.19535812520402,0
2026-03-16,1.4522755895875015,0
2026-03-17,1.8247313322671248,0
2026-03-18,1.842553822869035,0
2026-03-19,2.8817714182797824,0
2026-03-20,3.532992205731339,0
2026-03-21,3.3279954493989212,0
2026-03-22,3.7488963620617386,0
2026-03-23,0.0,1
2026-03-24,2.903856137075678,0
2026-03-25,3.6528560718187233,0
2026-03-26,4.508859001844687,0
2026-03-27,3.133729417033517,0
2026-03-28,0.7017308426397401,0
2026-03-29,3.9821724065489534,0
2026-03-30,4.119809200940723,0
2026-03-31,4.279655280065547,0
2026-04-01,2.1712942699381235,0
2026-04-02,2.0450706201018374,0
2026-04-03,3.0479633243913575,0
2026-04-04,2.0648926465466104,0
2026-04-05,2.538003555674701,0
2026-04-06,3.8893434545606995,0
2026-04-07,2.917103825221636,0
2026-04-08,4.532257302315511,0
2026-04-09,3.5528645182184952,0
2026-04-10,4.706049545079951,0
2026-04-11,3.603772597135308,0
2026-04-12,3.7548256458478693,0
2026-04-13,3.652151148005544,0
2026-04-14,4.334362535877656,0
2026-04-15,1.71291730463152,0
2026-04-16,2.9338808847251805,0
2026-04-17,4.670550468444509,0
2026-04-18,1.1988563507969037,0
2026-04-19,3.297258339721436,0
2026-04-20,4.177127252378977,0
2026-04-21,5.281923568913738,0
2026-04-22,5.361362870313184,0
2026-04-23,4.291107481371464,0
2026-04-24,3.0220152467300707,0
2026-04-25,3.71563833579151,0
2026-04-26,1.8728009498350953,0
2026-04-27,2.844197256229949,0
2026-04-28,3.1846148289129075,0
2026-04-29,3.6257805282897784,0
2026-04-30,3.648894552246457,0
2026-05-01,2.207513224293494,0
2026-05-02,3.7207222585583164,0
2026-05-03,4.848258245792013,0
2026-05-04,4.0707268040057745,0
2026-05-05,5.056116289945989,0
2026-05-06,2.49751213506713,0
2026-05-07,2.384589981860649,0
2026-05-08,3.6303595213494013,0
2026-05-09,3.6306550621764506,0
2026-05-10,5.008718702100015,0
2026-05-11,4.689054863452962,0
2026-05-12,6.429714057227807,0
2026-05-13,5.404861622825601,0
2026-05-14,6.210398125894138,0
2026-05-15,6.595941487112873,0
2026-05-16,5.474523577159078,0
2026-05-17,4.685962229301637,0
2026-05-18,3.4593631780001894,0
2026-05-19,1.6687133582082914,0
2026-05-20,1.181419030643497,0
2026-05-21,2.6251817428860673,0
2026-05-22,3.5416679213447013,0
2026-05-23,3.2691436943763614,0
2026-05-24,4.410100811399849,0
2026-05-25,5.554226997001,0
2026-05-26,0.0,1
2026-05-27,5.017534722942212,0
2026-05-28,3.2596173836376834,0
2026-05-29,4.476126356429523,0
2026-05-30,4.946782743065093,0
2026-05-31,3.847349243240194,0
2026-06-01,3.9108211571853477,0
2026-06-02,3.6097449078782087,0
2026-06-03,2.670087744981169,0
2026-06-04,4.618949552913282,0
2026-06-05,3.93499998527623,0
2026-06-06,4.659487734531272,0
2026-06-07,5.893404327862114,0
2026-06-08,5.133376073915069,0
2026-06-09,2.716208186770774,0
2026-06-10,3.37741262357046,0
2026-06-11,5.219554014780525,0
2026-06-12,3.8322347769376783,0
2026-06-13,4.545270067506312,0
2026-06-14,3.5922007867516954,0
2026-06-15,1.7478191670803616,0
2026-06-16,3.7785847248285744,0
2026-06-17,5.057935828998659,0
2026-06-18,5.683322151965132,0
2026-06-19,4.286850548631693,0
2026-06-20,4.394560705272803,0
2026-06-21,4.570401169603551,0
2026-06-22,4.310382184243362,0
2026-06-23,4.619524759142346,0
2026-06-24,3.655539396885813,0
2026-06-25,4.415190725729263,0
2026-06-26,2.416152145423161,0
2026-06-27,4.491678382331849,0
2026-06-28,5.32088372351353,0
2026-06-29,3.628435556926502,0
2026-06-30,3.640695060456695,0
2026-07-01,4.981331079978184,0
2026-07-02,3.3852016043443536,0
2026-07-03,3.9954957519218843,0
2026-07-04,4.5645093516519335,0
2026-07-05,3.5196037782795253,0
2026-07-06,5.350034428222312,0
2026-07-07,5.673528088199079,0
2026-07-08,4.682991845240116,0
2026-07-09,4.795017986020353,0
2026-07-10,3.761650748871983,0
2026-07-11,2.7722124032903483,0
2026-07-12,4.21860541125121,0
2026-07-13,4.864536852227117,0
2026-07-14,5.551980952954433,0
